"","Country","Year","WayofTeach","PercentFear","PercentNascent","PercentPerceived","PercentOwner","PercentIntention","PercentOpportunities"
"1","Australia","2001",2.375,38,14.5,60,28,NA,31
"2","Australia","2002",2.717391,32,3.7,51,7.7,7.8,34
"3","Australia","2003",3.063492,36,6.6,59,9.1,11.8,52
"4","Australia","2004",2.574074,34,8,56,9.6,15.5,51
"5","Australia","2005",2.5,30,6,57,10.4,12,50
"6","Australia","2006",3.032258,34,7.3,51,9.1,10.6,55
"7","Australia","2007",2.058824,NA,NA,NA,NA,NA,NA
"8","Australia","2008",NA,NA,NA,NA,NA,NA,NA
"9","Australia","2009",NA,NA,NA,NA,NA,NA,NA
"10","Australia","2010",NA,36,3.9,53,8.5,8.7,46
"11","Australia","2011",NA,43,6,47,9.1,12.3,48
"12","Australia","2012",NA,NA,NA,NA,NA,NA,NA
"13","Australia","2013",NA,NA,NA,NA,NA,NA,NA
"14","Austria","2001",NA,NA,NA,NA,NA,NA,NA
"15","Austria","2002",NA,NA,NA,NA,NA,NA,NA
"16","Austria","2003",NA,NA,NA,NA,NA,NA,NA
"17","Austria","2004",NA,NA,NA,NA,NA,NA,NA
"18","Austria","2005",1.8,30,3,46,3.8,4.9,29
"19","Austria","2006",NA,NA,NA,NA,NA,NA,NA
"20","Austria","2007",NA,34,1.5,53,6,5.3,51
"21","Austria","2008",NA,NA,NA,NA,NA,NA,NA
"22","Austria","2009",NA,NA,NA,NA,NA,NA,NA
"23","Austria","2010",NA,NA,NA,NA,NA,NA,NA
"24","Austria","2011",NA,NA,NA,NA,NA,NA,NA
"25","Austria","2012",NA,36,6.6,50,7.6,8.6,49
"26","Austria","2013",NA,NA,NA,NA,NA,NA,NA
"27","Belgium","2001",2.171429,38,2,30,3,NA,20
"28","Belgium","2002",1.947368,31,2.1,35,2.2,4.7,16
"29","Belgium","2003",2.078947,26,2.8,35,2.2,4.7,18
"30","Belgium","2004",2.12,32,2.2,39,4,5.7,38
"31","Belgium","2005",2.5,29,2.9,44,5.6,6.1,43
"32","Belgium","2006",2.485714,36,1.8,35,2.1,5.8,15
"33","Belgium","2007",2.4375,28,2.7,37,1.4,5.6,16
"34","Belgium","2008",NA,33,2,36,2.6,6.4,14
"35","Belgium","2009",2.39,28,2,37,2.5,5.2,15
"36","Belgium","2010",NA,35,2.6,45,2.7,8.2,40
"37","Belgium","2011",NA,41,2.7,44,6.8,10.9,43
"38","Belgium","2012",NA,41,3.3,37,5.1,9.1,33
"39","Belgium","2013",NA,47,3.1,34,5.9,7.8,31
"40","Canada","2001",NA,27,6.6,53,3.9,NA,35
"41","Canada","2002",2.833333,28,6.5,57,6.5,6.9,35
"42","Canada","2003",2.73913,19,5.4,55,3.9,7.5,36
"43","Canada","2004",3.25,32,6,55,7,8.1,45
"44","Canada","2005",3.058824,29,6.5,54,7.4,9.7,48
"45","Canada","2006",NA,26,4.1,53,5.1,6.3,45
"46","Canada","2007",NA,NA,NA,NA,NA,NA,NA
"47","Canada","2008",NA,NA,NA,NA,NA,NA,NA
"48","Canada","2009",NA,NA,NA,NA,NA,NA,NA
"49","Canada","2010",NA,NA,NA,NA,NA,NA,NA
"50","Canada","2011",NA,NA,NA,NA,NA,NA,NA
"51","Canada","2012",NA,NA,NA,NA,NA,NA,NA
"52","Canada","2013",NA,35,7.8,48,8.4,13.5,57
"53","Chile","2001",NA,NA,NA,NA,NA,NA,NA
"54","Chile","2002",1.815789,25,10.4,57,6.8,34.2,31
"55","Chile","2003",1.9375,34,10.9,51,6.5,37.9,34
"56","Chile","2004",NA,NA,NA,NA,NA,NA,NA
"57","Chile","2005",1.741935,33,6,67,3.8,8.7,49
"58","Chile","2006",1.444444,28,5.7,61,6.8,22.3,42
"59","Chile","2007",1.384615,24,7.3,64,8.7,25.3,49
"60","Chile","2008",1.54,27,7.7,62,6.7,29.5,27
"61","Chile","2009",1.66,23,9.5,65,6.8,34.9,52
"62","Chile","2010",1.69,22,11.4,66,6,38.3,65
"63","Chile","2011",NA,27,14.6,62,7,46,57
"64","Chile","2012",NA,28,14.7,60,7.8,43.1,65
"65","Chile","2013",NA,28,15.4,60,8.5,46.5,68
"66","Czech Republic","2001",NA,NA,NA,NA,NA,NA,NA
"67","Czech Republic","2002",NA,NA,NA,NA,NA,NA,NA
"68","Czech Republic","2003",NA,NA,NA,NA,NA,NA,NA
"69","Czech Republic","2004",NA,NA,NA,NA,NA,NA,NA
"70","Czech Republic","2005",NA,NA,NA,NA,NA,NA,NA
"71","Czech Republic","2006",2.272727,31,6.4,38,5.4,9,27
"72","Czech Republic","2007",NA,NA,NA,NA,NA,NA,NA
"73","Czech Republic","2008",NA,NA,NA,NA,NA,NA,NA
"74","Czech Republic","2009",NA,NA,NA,NA,NA,NA,NA
"75","Czech Republic","2010",NA,NA,NA,NA,NA,NA,NA
"76","Czech Republic","2011",NA,35,5.1,39,5.2,13.9,24
"77","Czech Republic","2012",NA,NA,NA,NA,NA,NA,NA
"78","Czech Republic","2013",NA,36,4.9,43,5.3,13.7,23
"79","Denmark","2001",2.694444,24,3,41,4.2,NA,46
"80","Denmark","2002",2.16129,25,3.6,37,5.5,6.2,51
"81","Denmark","2003",2.538462,29,3,37,5.7,5.1,42
"82","Denmark","2004",2.526316,25,2.5,40,5.1,6.5,49
"83","Denmark","2005",2.857143,40,2.4,38,4.4,7.2,66
"84","Denmark","2006",2.742857,39,2.9,36,5.3,6.5,65
"85","Denmark","2007",3.052632,34,2.3,36,6,6.2,71
"86","Denmark","2008",2.6,42,2.2,32,3.3,5.5,62
"87","Denmark","2009",3.15,37,1.6,35,4.7,2.6,34
"88","Denmark","2010",NA,32,1.8,41,5.6,5.9,46
"89","Denmark","2011",NA,41,3.1,35,4.9,6.7,47
"90","Denmark","2012",NA,39,3.1,31,3.4,6.6,44
"91","Denmark","2013",NA,NA,NA,NA,NA,NA,NA
"92","Finland","2001",2.235294,35,2,38,7.5,NA,55
"93","Finland","2002",2.234043,28,2.7,39,8.5,5,51
"94","Finland","2003",2.294118,37,3,38,0.5,5.5,49
"95","Finland","2004",2.631579,36,2.6,36,7.5,3.7,38
"96","Finland","2005",2.685714,29,3.1,36,8.6,4.3,47
"97","Finland","2006",2.466667,36,2.9,37,8.2,5.1,50
"98","Finland","2007",2.816327,29,4.3,40,7.6,4.6,53
"99","Finland","2008",2.82,23,4.1,39,9.2,5.2,50
"100","Finland","2009",2.4,26,2.9,35,8.5,4.2,40
"101","Finland","2010",2.63,29,2.4,40,9.4,5.9,51
"102","Finland","2011",NA,32,3,37,8.8,7.1,61
"103","Finland","2012",NA,37,3.5,34,8,7.7,55
"104","Finland","2013",NA,37,2.7,33,6.6,8.3,44
"105","France","2001",1.685714,29,1.9,20,1.6,NA,7
"106","France","2002",1.428571,22,2.3,26,1.3,3,10
"107","France","2003",1.352941,34,0.9,25,1.6,5.8,9
"108","France","2004",NA,42,4.9,33,1.5,11.6,21
"109","France","2005",NA,42,4.7,36,2.3,11.4,22
"110","France","2006",NA,43,3.8,33,1.3,13.3,21
"111","France","2007",NA,41,2.3,33,1.7,15.3,23
"112","France","2008",NA,52,3.8,25,2.8,12.7,22
"113","France","2009",NA,47,3.1,27,3.2,15.9,24
"114","France","2010",1.6,40,3.8,37,2.4,14.2,34
"115","France","2011",NA,37,4.1,38,2.4,17.7,35
"116","France","2012",NA,43,3.7,36,3.2,17.3,38
"117","France","2013",NA,41,2.7,33,4.1,12.6,23
"118","Germany","2001",2.1,42,3.8,30,4.2,NA,24
"119","Germany","2002",2.093023,37,3.5,35,4.8,4.5,20
"120","Germany","2003",2.085106,33,3.5,38,4.6,5.6,14
"121","Germany","2004",2.233083,30,2.8,36,4.3,4.2,13
"122","Germany","2005",2.092105,40,3.1,41,4.2,5.3,18
"123","Germany","2006",2.265625,34,2.9,39,3,5.3,20
"124","Germany","2007",NA,NA,NA,NA,NA,NA,NA
"125","Germany","2008",1.95,40,2.4,35,4,4.2,24
"126","Germany","2009",2.23,37,2.2,40,5.1,5.3,22
"127","Germany","2010",2.33,34,2.5,42,5.7,6.4,28
"128","Germany","2011",NA,42,3.4,37,5.6,5.5,35
"129","Germany","2012",NA,42,3.5,37,5,6,36
"130","Germany","2013",NA,39,3.1,38,5.1,6.8,31
"131","Greece","2001",NA,NA,NA,NA,NA,NA,NA
"132","Greece","2002",NA,NA,NA,NA,NA,NA,NA
"133","Greece","2003",2.142857,49,2.9,52,19.6,11.4,24
"134","Greece","2004",1.914286,48,3.7,54,6.5,11.4,29
"135","Greece","2005",2.055556,50,5.2,45,10.5,14.7,16
"136","Greece","2006",2.285714,48,5.7,46,8.2,12.5,22
"137","Greece","2007",1.914286,54,4.6,48,13.3,11.8,29
"138","Greece","2008",1.92,46,5.3,55,12.6,12.6,28
"139","Greece","2009",1.75,45,4.5,58,15.1,14.6,26
"140","Greece","2010",1.94,51,2.1,52,14.8,12.8,16
"141","Greece","2011",NA,38,4.4,50,15.8,10.5,11
"142","Greece","2012",NA,61,3.8,50,12.3,9.5,13
"143","Greece","2013",NA,49,3.3,46,12.6,8.8,14
"144","Hungary","2001",2.666667,10,5.5,55,5.9,NA,9
"145","Hungary","2002",2.5,17,3.4,53,5.5,5.9,10
"146","Hungary","2003",NA,NA,NA,NA,NA,NA,NA
"147","Hungary","2004",2.55,38,2.7,21,2.2,2.5,17
"148","Hungary","2005",1.769231,30,1.1,15,2,1.5,10
"149","Hungary","2006",2.772727,15,3.2,43,6.7,9,16
"150","Hungary","2007",NA,17,3.8,44,4.8,8.7,28
"151","Hungary","2008",NA,34,3.8,48,5.3,6.2,19
"152","Hungary","2009",2.38,33,5.4,41,6.7,13,3
"153","Hungary","2010",1.97,42,4.9,43,5.4,13.8,33
"154","Hungary","2011",NA,35,4.8,40,2,19.5,14
"155","Hungary","2012",NA,34,5.8,40,8.1,13,11
"156","Hungary","2013",NA,45,6,38,7.2,13.7,19
"157","Iceland","2001",NA,NA,NA,NA,NA,NA,NA
"158","Iceland","2002",2.235294,39,5.7,46,10.4,13.5,42
"159","Iceland","2003",2.677419,38,7.2,48,7.3,14.3,50
"160","Iceland","2004",2.285714,44,7.7,48,7.3,13,55
"161","Iceland","2005",2.7,42,8.4,47,7.3,15.9,62
"162","Iceland","2006",2.266667,40,7.2,50,6.7,15.4,60
"163","Iceland","2007",2.466667,39,8.5,46,8.8,14.9,69
"164","Iceland","2008",NA,35,6.5,52,7.1,11.9,37
"165","Iceland","2009",2.4,36,7.6,50,8.9,15,44
"166","Iceland","2010",2.5,34,7.4,49,7.4,15.7,49
"167","Iceland","2011",NA,NA,NA,NA,NA,NA,NA
"168","Iceland","2012",NA,NA,NA,NA,NA,NA,NA
"169","Iceland","2013",NA,NA,NA,NA,NA,NA,NA
"170","Ireland","2001",2.678571,40,7.1,46,4.5,NA,34
"171","Ireland","2002",2.3,30,5.7,50,8,7.4,39
"172","Ireland","2003",2.522388,37,5.1,46,6.7,6.9,33
"173","Ireland","2004",2.190476,34,4.4,48,6.5,7.8,45
"174","Ireland","2005",2.444444,34,5.7,50,8.1,8.4,52
"175","Ireland","2006",2.276596,34,4.5,51,7.8,6.3,44
"176","Ireland","2007",2.851064,37,4.2,49,9,7.7,46
"177","Ireland","2008",2.75,33,3.3,48,9,6.4,27
"178","Ireland","2009",NA,NA,NA,NA,NA,NA,NA
"179","Ireland","2010",2.49,33,4.4,49,8.6,6.1,23
"180","Ireland","2011",NA,33,4.3,46,8,5.8,26
"181","Ireland","2012",NA,35,3.9,45,8.3,5.4,26
"182","Ireland","2013",NA,40,5.5,43,7.5,12.6,28
"183","Israel","2001",2.470588,33,0.9,36,NA,NA,18
"184","Israel","2002",2.225806,38,3.3,47,5.7,14.4,26
"185","Israel","2003",NA,NA,NA,NA,NA,NA,NA
"186","Israel","2004",2.24,44,4.3,42,3.9,16.6,32
"187","Israel","2005",NA,NA,NA,NA,NA,NA,NA
"188","Israel","2006",NA,NA,NA,NA,NA,NA,NA
"189","Israel","2007",2.263158,44,3.6,38,2.4,12.6,24
"190","Israel","2008",NA,45,3.5,38,4.1,14.2,25
"191","Israel","2009",2.38,37,3.4,38,4.3,13.6,29
"192","Israel","2010",2.14,47,3.1,40,3.3,13.5,34
"193","Israel","2011",NA,NA,NA,NA,NA,NA,NA
"194","Israel","2012",NA,47,3.5,29,3.8,12.8,31
"195","Israel","2013",NA,52,5.3,36,5.9,24,47
"196","Italy","2001",2.125,28,4.4,33,3.6,NA,48
"197","Italy","2002",NA,29,3.7,39,3.6,9.4,40
"198","Italy","2003",2.625,38,2,35,2.3,6.5,34
"199","Italy","2004",NA,32,2.5,33,4.7,9.3,25
"200","Italy","2005",2.058824,30,2.9,32,6.4,8.8,15
"201","Italy","2006",2.470588,38,2.2,44,3,8.3,23
"202","Italy","2007",2.117647,40,3.6,51,5.6,10.3,39
"203","Italy","2008",1.87,45,2,40,6.5,7.1,30
"204","Italy","2009",2,39,1.8,41,5.8,4.5,25
"205","Italy","2010",1.84,37,1.3,42,3.7,4,25
"206","Italy","2011",NA,NA,NA,NA,NA,NA,NA
"207","Italy","2012",NA,58,2.5,30,3.3,10.8,20
"208","Italy","2013",NA,49,2.4,29,3.7,9.8,17
"209","Japan","2001",1.648649,22,1.2,11,5.1,NA,7
"210","Japan","2002",1.540541,29,0.8,11,6.8,0.9,5
"211","Japan","2003",NA,39,1.4,12,6,1.9,7
"212","Japan","2004",1.666667,30,0.4,14,4.7,0.7,14
"213","Japan","2005",NA,45,1.1,13,5.4,0.8,17
"214","Japan","2006",NA,29,1.6,16,4.8,2,9
"215","Japan","2007",NA,43,2.2,15,8.6,2.3,9
"216","Japan","2008",NA,51,3.2,13,7.9,3.8,8
"217","Japan","2009",NA,50,1.9,14,7.8,3,8
"218","Japan","2010",1.77,33,1.5,14,7.4,2.9,6
"219","Japan","2011",NA,42,3.3,14,8.3,3.8,6
"220","Japan","2012",NA,53,2.3,9,6.1,2.5,6
"221","Japan","2013",NA,49,2.2,13,5.7,4.1,8
"222","Korea (South)","2001",1.783784,44,5.5,29,10.5,NA,12
"223","Korea (South)","2002",1.9375,45,5.9,31,10.2,19.7,15
"224","Korea (South)","2003",NA,NA,NA,NA,NA,NA,NA
"225","Korea (South)","2004",NA,NA,NA,NA,NA,NA,NA
"226","Korea (South)","2005",NA,NA,NA,NA,NA,NA,NA
"227","Korea (South)","2006",NA,NA,NA,NA,NA,NA,NA
"228","Korea (South)","2007",NA,NA,NA,NA,NA,NA,NA
"229","Korea (South)","2008",2.63,33,3.5,30,12.8,17.2,15
"230","Korea (South)","2009",2.1,23,2.7,53,11.8,11.4,13
"231","Korea (South)","2010",2.13,32,1.8,29,11.2,10.1,13
"232","Korea (South)","2011",NA,45,2.9,27,10.9,15.7,11
"233","Korea (South)","2012",NA,43,2.6,27,9.6,13,13
"234","Korea (South)","2013",NA,42,2.7,28,9,12.1,13
"235","Mexico","2001",2,26,13.4,50,5.8,NA,40
"236","Mexico","2002",2.2,16,9.2,61,1.5,23.2,51
"237","Mexico","2003",NA,NA,NA,NA,NA,NA,NA
"238","Mexico","2004",NA,NA,NA,NA,NA,NA,NA
"239","Mexico","2005",NA,30,4.6,46,1.9,17.2,33
"240","Mexico","2006",2.411765,31,4.1,41,2.3,15.7,27
"241","Mexico","2007",NA,NA,NA,NA,NA,NA,NA
"242","Mexico","2008",1.72,28,9.3,59,4.9,25.6,47
"243","Mexico","2009",NA,NA,NA,NA,NA,NA,NA
"244","Mexico","2010",2.19,33,9.2,65,0.4,22.3,56
"245","Mexico","2011",NA,27,5.7,61,3,24.2,43
"246","Mexico","2012",NA,26,7.9,62,4.7,18.4,45
"247","Mexico","2013",NA,32,11.9,59,4.2,16.9,54
"248","Netherlands","2001",2.6875,27,2.3,37,3.8,NA,42
"249","Netherlands","2002",2.555556,23,2.5,37,4.6,3.7,49
"250","Netherlands","2003",3.133333,24,1.7,32,3.8,4.4,29
"251","Netherlands","2004",3,32,3,37,6.1,4.6,38
"252","Netherlands","2005",2.454545,30,2.5,42,5.7,4.1,39
"253","Netherlands","2006",2.5,32,3.5,38,6.6,3.8,46
"254","Netherlands","2007",NA,22,2.7,39,6.4,4,42
"255","Netherlands","2008",NA,29,2.1,38,7.2,3.6,39
"256","Netherlands","2009",2.44,29,3.1,47,8.1,5.5,36
"257","Netherlands","2010",NA,24,4,46,9,5.5,45
"258","Netherlands","2011",NA,35,4.3,42,8.7,8.5,48
"259","Netherlands","2012",NA,30,4.1,42,9.5,8.6,34
"260","Netherlands","2013",NA,37,4.7,42,8.7,9.1,33
"261","New Zealand","2001",2.210526,26,10.6,66,12.8,NA,49
"262","New Zealand","2002",2.9375,30,9.1,63,11,14.2,51
"263","New Zealand","2003",3.058824,24,9.3,62,11.1,12.9,47
"264","New Zealand","2004",2.521739,22,8.4,66,9.6,12.7,55
"265","New Zealand","2005",2.868421,22,9.4,60,10.8,11.2,57
"266","New Zealand","2006",NA,NA,NA,NA,NA,NA,NA
"267","New Zealand","2007",NA,NA,NA,NA,NA,NA,NA
"268","New Zealand","2008",NA,NA,NA,NA,NA,NA,NA
"269","New Zealand","2009",NA,NA,NA,NA,NA,NA,NA
"270","New Zealand","2010",NA,NA,NA,NA,NA,NA,NA
"271","New Zealand","2011",NA,NA,NA,NA,NA,NA,NA
"272","New Zealand","2012",NA,NA,NA,NA,NA,NA,NA
"273","New Zealand","2013",NA,NA,NA,NA,NA,NA,NA
"274","Norway","2001",2.142857,29,4,36,6.5,NA,59
"275","Norway","2002",2.24,26,5.2,42,6.3,8.7,44
"276","Norway","2003",2.861111,24,3.9,40,6.1,6.6,37
"277","Norway","2004",2.771429,26,3.9,42,6.3,7.6,41
"278","Norway","2005",3.046512,22,4.2,42,7.3,7.3,46
"279","Norway","2006",2.857143,25,5,39,6,6.2,51
"280","Norway","2007",2.976744,18,3.8,36,4.8,5.6,46
"281","Norway","2008",2.91,25,5,41,7.7,7,39
"282","Norway","2009",2.84,25,5,44,8.3,7.7,49
"283","Norway","2010",2.64,27,4.4,40,6.7,7.6,50
"284","Norway","2011",NA,41,3.7,33,6.6,8.7,67
"285","Norway","2012",NA,39,3.7,34,5.8,4.9,64
"286","Norway","2013",NA,35,2.9,34,6.2,5.2,64
"287","Poland","2001",NA,44,5.7,39,4.7,NA,14
"288","Poland","2002",NA,24,3.2,22,2,2.2,8
"289","Poland","2003",NA,NA,NA,NA,NA,NA,NA
"290","Poland","2004",2.169811,38,3.9,50,8.2,17.8,36
"291","Poland","2005",NA,NA,NA,NA,NA,NA,NA
"292","Poland","2006",NA,NA,NA,NA,NA,NA,NA
"293","Poland","2007",NA,NA,NA,NA,NA,NA,NA
"294","Poland","2008",NA,NA,NA,NA,NA,NA,NA
"295","Poland","2009",NA,NA,NA,NA,NA,NA,NA
"296","Poland","2010",NA,NA,NA,NA,NA,NA,NA
"297","Poland","2011",NA,43,6,52,5,22.7,33
"298","Poland","2012",NA,43,4.8,54,5.8,21.6,20
"299","Poland","2013",NA,47,5.1,52,6.5,17.3,26
"300","Portugal","2001",1.555556,31,2.1,42,4.7,NA,22
"301","Portugal","2002",NA,NA,NA,NA,NA,NA,NA
"302","Portugal","2003",NA,NA,NA,NA,NA,NA,NA
"303","Portugal","2004",1.666667,29,2.1,46,7.3,2.2,23
"304","Portugal","2005",NA,NA,NA,NA,NA,NA,NA
"305","Portugal","2006",NA,NA,NA,NA,NA,NA,NA
"306","Portugal","2007",NA,29,4.8,58,7.1,9.8,33
"307","Portugal","2008",NA,NA,NA,NA,NA,NA,NA
"308","Portugal","2009",NA,NA,NA,NA,NA,NA,NA
"309","Portugal","2010",1.86,30,1.9,52,5.4,8.8,20
"310","Portugal","2011",NA,40,4.6,47,5.7,12.2,17
"311","Portugal","2012",NA,42,4.3,47,6.2,14.4,16
"312","Portugal","2013",NA,40,4.2,49,7.7,13.2,20
"313","Slovenia","2001",NA,NA,NA,NA,NA,NA,NA
"314","Slovenia","2002",NA,26,3.3,44,6.7,9,30
"315","Slovenia","2003",2.142857,29,3,38,5.4,10.3,32
"316","Slovenia","2004",2.211538,26,1.9,43,4.2,8.4,37
"317","Slovenia","2005",2.352941,32,3,35,6.3,8.6,21
"318","Slovenia","2006",2.235294,28,2.9,48,4.4,7.3,39
"319","Slovenia","2007",2.210526,27,3,48,4.6,9.3,48
"320","Slovenia","2008",2.36,25,4.1,51,5.6,7.3,45
"321","Slovenia","2009",2.28,30,3.2,52,5.6,9.7,29
"322","Slovenia","2010",2.34,28,2.2,56,4.9,8.7,27
"323","Slovenia","2011",NA,31,1.9,51,4.8,9.2,18
"324","Slovenia","2012",NA,27,2.9,51,5.8,13.2,20
"325","Slovenia","2013",NA,30,3.6,51,5.7,12.4,16
"326","Spain","2001",2.114286,36,3.3,49,4.7,NA,48
"327","Spain","2002",1.828571,42,2.2,49,8.4,7,42
"328","Spain","2003",1.792308,40,4.6,31,4,4.9,31
"329","Spain","2004",1.994048,45,2.1,41,7.8,4.3,39
"330","Spain","2005",2.657143,42,2.4,48,7.7,4.2,38
"331","Spain","2006",2.323529,44,3,46,5.4,4.4,33
"332","Spain","2007",2.060606,47,3.5,45,6.4,4.3,34
"333","Spain","2008",2.19,47,3.3,47,9.1,5,25
"334","Spain","2009",1.96,45,2.3,48,6.4,4.3,16
"335","Spain","2010",1.72,36,2.2,50,7.7,5.8,19
"336","Spain","2011",NA,39,3.3,51,8.9,8,14
"337","Spain","2012",NA,42,3.4,50,8.7,11.1,14
"338","Spain","2013",NA,36,3.1,48,8.4,8.4,16
"339","Sweden","2001",2.314286,31,1.9,44,5.7,NA,42
"340","Sweden","2002",2.387755,30,1.8,43,6.8,12.5,45
"341","Sweden","2003",2.355556,30,2,42,5.3,12.7,39
"342","Sweden","2004",NA,32,1.7,42,6,10,41
"343","Sweden","2005",NA,34,1.7,45,6.3,14.3,45
"344","Sweden","2006",NA,28,2.2,42,5,9.3,46
"345","Sweden","2007",NA,29,1.9,42,4.7,9,50
"346","Sweden","2008",NA,NA,NA,NA,NA,NA,NA
"347","Sweden","2009",NA,NA,NA,NA,NA,NA,NA
"348","Sweden","2010",2.47,29,2.3,42,6.4,8.5,66
"349","Sweden","2011",NA,35,3.5,40,7,9.8,71
"350","Sweden","2012",NA,33,4.6,37,5.2,11,66
"351","Sweden","2013",NA,37,5.9,39,6,9.5,64
"352","Switzerland","2001",NA,NA,NA,NA,NA,NA,NA
"353","Switzerland","2002",1.766667,25,4.4,49,6.8,8.4,34
"354","Switzerland","2003",1.6875,30,4.2,50,7.3,9.4,25
"355","Switzerland","2004",NA,NA,NA,NA,NA,NA,NA
"356","Switzerland","2005",2.272727,27,2.6,51,9.7,6.5,39
"357","Switzerland","2006",NA,NA,NA,NA,NA,NA,NA
"358","Switzerland","2007",2.235294,29,3.5,41,6.6,6.9,35
"359","Switzerland","2008",NA,NA,NA,NA,NA,NA,NA
"360","Switzerland","2009",2.65,29,4.3,49,8.4,7.2,35
"361","Switzerland","2010",2.5,27,2.2,44,8.7,6.7,33
"362","Switzerland","2011",NA,31,3.7,42,10.1,9.5,47
"363","Switzerland","2012",NA,32,2.9,37,8.4,7.3,36
"364","Switzerland","2013",NA,28,4.5,45,10,9.8,42
"365","Turkey","2001",NA,NA,NA,NA,NA,NA,NA
"366","Turkey","2002",NA,NA,NA,NA,NA,NA,NA
"367","Turkey","2003",NA,NA,NA,NA,NA,NA,NA
"368","Turkey","2004",NA,NA,NA,NA,NA,NA,NA
"369","Turkey","2005",NA,NA,NA,NA,NA,NA,NA
"370","Turkey","2006",2.2,27,2.2,55,11.4,20.1,34
"371","Turkey","2007",2.138889,23,1.9,49,5.5,19,39
"372","Turkey","2008",1.88,34,3.2,49,4.8,20.8,36
"373","Turkey","2009",NA,NA,NA,NA,NA,NA,NA
"374","Turkey","2010",2.11,25,3.7,54,10.7,19.4,36
"375","Turkey","2011",NA,22,6.3,42,8,8.5,32
"376","Turkey","2012",NA,30,7.3,49,8.7,14.7,40
"377","Turkey","2013",NA,30,5.5,52,5.7,28.1,39
"378","United Kingdom","2001",2.666667,33,3.3,46,3.3,NA,23
"379","United Kingdom","2002",2.46875,33,2.5,46,5.5,4.2,27
"380","United Kingdom","2003",2.507463,31,3.4,48,5.8,5.4,35
"381","United Kingdom","2004",NA,33,3.4,52,5.1,7.4,36
"382","United Kingdom","2005",2.6,33,3.4,51,5.1,6.7,39
"383","United Kingdom","2006",2.655172,33,3.2,50,5.4,5.6,37
"384","United Kingdom","2007",2.684211,34,2.9,49,5.1,5.6,39
"385","United Kingdom","2008",NA,34,3.1,50,6,5.3,30
"386","United Kingdom","2009",1.95,32,2.7,47,6.1,4.3,24
"387","United Kingdom","2010",2.61,30,3.2,52,6.4,5.1,29
"388","United Kingdom","2011",NA,36,4.7,42,7.2,8.9,33
"389","United Kingdom","2012",NA,36,5.3,47,6.2,9.5,33
"390","United Kingdom","2013",NA,36,3.6,44,6.6,7.2,36
"391","United States of America","2001",2.93617,21,8.1,61,5.8,NA,35
"392","United States of America","2002",2.888889,22,7.1,57,5.7,9.2,37
"393","United States of America","2003",3.102564,23,8,54,5.4,9,31
"394","United States of America","2004",3.142857,18,7.4,54,5.4,8,34
"395","United States of America","2005",3.277778,22,8.8,52,4.7,9,32
"396","United States of America","2006",3.104167,26,7.4,51,5.4,7.1,24
"397","United States of America","2007",2.777778,27,6.5,48,5,8.2,25
"398","United States of America","2008",2.47,25,5.9,56,8.3,6.9,37
"399","United States of America","2009",2.23,27,4.9,56,5.9,6.9,28
"400","United States of America","2010",2.36,28,4.9,60,7.7,7.3,35
"401","United States of America","2011",NA,31,8.3,56,9.1,10.9,36
"402","United States of America","2012",NA,32,8.9,56,8.6,12.5,43
"403","United States of America","2013",NA,31,9.2,56,7.5,12.2,47
"404","Estonia","2001",NA,NA,NA,NA,NA,NA,NA
"405","Estonia","2002",NA,NA,NA,NA,NA,NA,NA
"406","Estonia","2003",NA,NA,NA,NA,NA,NA,NA
"407","Estonia","2004",NA,NA,NA,NA,NA,NA,NA
"408","Estonia","2005",NA,NA,NA,NA,NA,NA,NA
"409","Estonia","2006",NA,NA,NA,NA,NA,NA,NA
"410","Estonia","2007",NA,NA,NA,NA,NA,NA,NA
"411","Estonia","2008",NA,NA,NA,NA,NA,NA,NA
"412","Estonia","2009",NA,NA,NA,NA,NA,NA,NA
"413","Estonia","2010",NA,NA,NA,NA,NA,NA,NA
"414","Estonia","2011",NA,NA,NA,NA,NA,NA,NA
"415","Estonia","2012",NA,34,9.5,43,7.2,16.4,45
"416","Estonia","2013",NA,39,8.8,40,5,19.4,46
"417","Luxembourg","2001",NA,NA,NA,NA,NA,NA,NA
"418","Luxembourg","2002",NA,NA,NA,NA,NA,NA,NA
"419","Luxembourg","2003",NA,NA,NA,NA,NA,NA,NA
"420","Luxembourg","2004",NA,NA,NA,NA,NA,NA,NA
"421","Luxembourg","2005",NA,NA,NA,NA,NA,NA,NA
"422","Luxembourg","2006",NA,NA,NA,NA,NA,NA,NA
"423","Luxembourg","2007",NA,NA,NA,NA,NA,NA,NA
"424","Luxembourg","2008",NA,NA,NA,NA,NA,NA,NA
"425","Luxembourg","2009",NA,NA,NA,NA,NA,NA,NA
"426","Luxembourg","2010",NA,NA,NA,NA,NA,NA,NA
"427","Luxembourg","2011",NA,NA,NA,NA,NA,NA,NA
"428","Luxembourg","2012",NA,NA,NA,NA,NA,NA,NA
"429","Luxembourg","2013",NA,43,6,43,2.4,14.1,46
"430","Slovak Republic","2001",NA,NA,NA,NA,NA,NA,NA
"431","Slovak Republic","2002",NA,NA,NA,NA,NA,NA,NA
"432","Slovak Republic","2003",NA,NA,NA,NA,NA,NA,NA
"433","Slovak Republic","2004",NA,NA,NA,NA,NA,NA,NA
"434","Slovak Republic","2005",NA,NA,NA,NA,NA,NA,NA
"435","Slovak Republic","2006",NA,NA,NA,NA,NA,NA,NA
"436","Slovak Republic","2007",NA,NA,NA,NA,NA,NA,NA
"437","Slovak Republic","2008",NA,NA,NA,NA,NA,NA,NA
"438","Slovak Republic","2009",NA,NA,NA,NA,NA,NA,NA
"439","Slovak Republic","2010",NA,NA,NA,NA,NA,NA,NA
"440","Slovak Republic","2011",NA,32,9.2,53,9.6,17.8,23
"441","Slovak Republic","2012",NA,38,6.6,50,6.4,11.8,18
"442","Slovak Republic","2013",NA,33,6.1,51,5.4,16.4,16
